{
  "config": {
    "sample": 200,
    "k": [
      5,
      10,
      20
    ],
    "data_dir": "./datasets",
    "out": "experiments/arxiv-2603-02153-replication/results/headline_table_n200.json",
    "bootstrap": 10000
  },
  "rows": [
    {
      "metric": "precision",
      "k": 5,
      "key": "precision@5",
      "BM25": 0.2550000000000001,
      "Baseline": 0.28300000000000003,
      "Hybrid": 0.272,
      "RAG-Fusion": 0.3020000000000001,
      "+Diverse": 0.30700000000000005,
      "Hybrid+Diverse": 0.32400000000000007,
      "BM25_lift_mean": -0.028000000000000004,
      "BM25_lift_ci": [
        -0.06099999999999989,
        0.0040000000000000036
      ],
      "Hybrid_lift_mean": -0.011000000000000005,
      "Hybrid_lift_ci": [
        -0.03200000000000003,
        0.010000000000000009
      ],
      "RAG-Fusion_lift_mean": 0.019,
      "RAG-Fusion_lift_ci": [
        0.0020000000000000573,
        0.037000000000000144
      ],
      "+Diverse_lift_mean": 0.023999999999999994,
      "+Diverse_lift_ci": [
        0.00599999999999995,
        0.04299999999999998
      ],
      "Hybrid+Diverse_lift_mean": 0.04100000000000001,
      "Hybrid+Diverse_lift_ci": [
        0.019999999999999962,
        0.062000000000000055
      ]
    },
    {
      "metric": "recall",
      "k": 5,
      "key": "recall@5",
      "BM25": 0.109533683151563,
      "Baseline": 0.1172999258977263,
      "Hybrid": 0.11560149750324296,
      "RAG-Fusion": 0.12238622823205761,
      "+Diverse": 0.1291368467682286,
      "Hybrid+Diverse": 0.14145928860797047,
      "BM25_lift_mean": -0.007766242746163312,
      "BM25_lift_ci": [
        -0.029413966916194533,
        0.012325547509002683
      ],
      "Hybrid_lift_mean": -0.0016984283944833556,
      "Hybrid_lift_ci": [
        -0.0207593046354382,
        0.015251760693043173
      ],
      "RAG-Fusion_lift_mean": 0.005086302334331332,
      "RAG-Fusion_lift_ci": [
        -0.010240248443670963,
        0.020611101484225416
      ],
      "+Diverse_lift_mean": 0.01183692087050228,
      "+Diverse_lift_ci": [
        -0.00493366583739811,
        0.02867853374908543
      ],
      "Hybrid+Diverse_lift_mean": 0.024159362710244117,
      "Hybrid+Diverse_lift_ci": [
        0.0038494088779014108,
        0.04528011558944697
      ]
    },
    {
      "metric": "ndcg",
      "k": 5,
      "key": "ndcg@5",
      "BM25": 0.295378657924692,
      "Baseline": 0.32119216197367445,
      "Hybrid": 0.32223130415509965,
      "RAG-Fusion": 0.33702438701515064,
      "+Diverse": 0.3440522568321425,
      "Hybrid+Diverse": 0.3826936781076062,
      "BM25_lift_mean": -0.025813504048982548,
      "BM25_lift_ci": [
        -0.06094775916477671,
        0.008955600863698617
      ],
      "Hybrid_lift_mean": 0.0010391421814249901,
      "Hybrid_lift_ci": [
        -0.023640644232841446,
        0.025761541015742354
      ],
      "RAG-Fusion_lift_mean": 0.01583222504147613,
      "RAG-Fusion_lift_ci": [
        -0.005637775735646172,
        0.03884047175572757
      ],
      "+Diverse_lift_mean": 0.022860094858468058,
      "+Diverse_lift_ci": [
        0.0014160393225026004,
        0.04504233136443165
      ],
      "Hybrid+Diverse_lift_mean": 0.06150151613393162,
      "Hybrid+Diverse_lift_ci": [
        0.037029574188392665,
        0.08666876126286199
      ]
    },
    {
      "metric": "precision",
      "k": 10,
      "key": "precision@10",
      "BM25": 0.18450000000000016,
      "Baseline": 0.22750000000000012,
      "Hybrid": 0.21800000000000008,
      "RAG-Fusion": 0.23850000000000013,
      "+Diverse": 0.24550000000000016,
      "Hybrid+Diverse": 0.25750000000000006,
      "BM25_lift_mean": -0.043,
      "BM25_lift_ci": [
        -0.06700000000000006,
        -0.0195000000000001
      ],
      "Hybrid_lift_mean": -0.009500000000000001,
      "Hybrid_lift_ci": [
        -0.022999999999999993,
        0.003500000000000003
      ],
      "RAG-Fusion_lift_mean": 0.011000000000000001,
      "RAG-Fusion_lift_ci": [
        -0.0004999999999998894,
        0.02300000000000002
      ],
      "+Diverse_lift_mean": 0.018000000000000002,
      "+Diverse_lift_ci": [
        0.006487499999999776,
        0.02999999999999992
      ],
      "Hybrid+Diverse_lift_mean": 0.030000000000000006,
      "Hybrid+Diverse_lift_ci": [
        0.01599999999999993,
        0.044499999999999984
      ]
    },
    {
      "metric": "recall",
      "k": 10,
      "key": "recall@10",
      "BM25": 0.12982712367937635,
      "Baseline": 0.15141363868261207,
      "Hybrid": 0.15505503965143472,
      "RAG-Fusion": 0.16464875676598015,
      "+Diverse": 0.16778778690756327,
      "Hybrid+Diverse": 0.18549799832477945,
      "BM25_lift_mean": -0.021586515003235766,
      "BM25_lift_ci": [
        -0.0440040871083597,
        -0.0008605006611699079
      ],
      "Hybrid_lift_mean": 0.003641400968822607,
      "Hybrid_lift_ci": [
        -0.008642489078982641,
        0.016235293572272255
      ],
      "RAG-Fusion_lift_mean": 0.013235118083368165,
      "RAG-Fusion_lift_ci": [
        0.0010785019873770822,
        0.028476388216661576
      ],
      "+Diverse_lift_mean": 0.01637414822495121,
      "+Diverse_lift_ci": [
        0.004836317111300392,
        0.030855362958050074
      ],
      "Hybrid+Diverse_lift_mean": 0.034084359642167376,
      "Hybrid+Diverse_lift_ci": [
        0.018119896914172352,
        0.05347060767765398
      ]
    },
    {
      "metric": "ndcg",
      "k": 10,
      "key": "ndcg@10",
      "BM25": 0.2622730094770766,
      "Baseline": 0.30078873988259724,
      "Hybrid": 0.3020677066053939,
      "RAG-Fusion": 0.3193471832953638,
      "+Diverse": 0.3221860317821924,
      "Hybrid+Diverse": 0.3574033739804954,
      "BM25_lift_mean": -0.03851573040552071,
      "BM25_lift_ci": [
        -0.06755501732153757,
        -0.009788176355094045
      ],
      "Hybrid_lift_mean": 0.0012789667227965733,
      "Hybrid_lift_ci": [
        -0.016231848731051764,
        0.01958581883760199
      ],
      "RAG-Fusion_lift_mean": 0.01855844341276659,
      "RAG-Fusion_lift_ci": [
        0.0018519101310083322,
        0.03744221024877069
      ],
      "+Diverse_lift_mean": 0.02139729189959527,
      "+Diverse_lift_ci": [
        0.0059806386514936975,
        0.037769611739668627
      ],
      "Hybrid+Diverse_lift_mean": 0.056614634097898166,
      "Hybrid+Diverse_lift_ci": [
        0.037639091217548805,
        0.07663007979348105
      ]
    },
    {
      "metric": "precision",
      "k": 20,
      "key": "precision@20",
      "BM25": 0.1305000000000001,
      "Baseline": 0.16825000000000012,
      "Hybrid": 0.16775000000000012,
      "RAG-Fusion": 0.18000000000000013,
      "+Diverse": 0.18575000000000025,
      "Hybrid+Diverse": 0.19425000000000012,
      "BM25_lift_mean": -0.03775000000000001,
      "BM25_lift_ci": [
        -0.053250000000000075,
        -0.022750000000000076
      ],
      "Hybrid_lift_mean": -0.0005000000000000004,
      "Hybrid_lift_ci": [
        -0.008999999999999952,
        0.008249999999999924
      ],
      "RAG-Fusion_lift_mean": 0.011749999999999997,
      "RAG-Fusion_lift_ci": [
        0.004249999999999976,
        0.019500000000000045
      ],
      "+Diverse_lift_mean": 0.01749999999999999,
      "+Diverse_lift_ci": [
        0.010000000000000009,
        0.025499999999999967
      ],
      "Hybrid+Diverse_lift_mean": 0.02599999999999998,
      "Hybrid+Diverse_lift_ci": [
        0.01699999999999993,
        0.03549999999999995
      ]
    },
    {
      "metric": "recall",
      "k": 20,
      "key": "recall@20",
      "BM25": 0.1470281838147801,
      "Baseline": 0.18774604424200242,
      "Hybrid": 0.19211180844660405,
      "RAG-Fusion": 0.2051876495587134,
      "+Diverse": 0.20311167921133788,
      "Hybrid+Diverse": 0.21947835603149052,
      "BM25_lift_mean": -0.040717860427222315,
      "BM25_lift_ci": [
        -0.06586037136228053,
        -0.017472689306431925
      ],