{
  "pool_sweep": {
    "10|baseline+rerank": {
      "precision@5": 0.26666666666666666,
      "recall@5": 0.14581945855684433,
      "ndcg@5": 0.3591541545822263,
      "precision@10": 0.21,
      "recall@10": 0.19586226023324171,
      "ndcg@10": 0.33837182777170177,
      "precision@20": 0.15999999999999998,
      "recall@20": 0.21829828324343314,
      "ndcg@20": 0.3198606272375209,
      "mrr": 0.5166666666666667
    },
    "10|fusion(N=4)+rerank": {
      "precision@5": 0.2933333333333334,
      "recall@5": 0.19769042629877984,
      "ndcg@5": 0.3930862910402029,
      "precision@10": 0.21333333333333332,
      "recall@10": 0.2149272736955387,
      "ndcg@10": 0.3535924591923413,
      "precision@20": 0.16999999999999996,
      "recall@20": 0.2400407355754294,
      "ndcg@20": 0.3417370392277318,
      "mrr": 0.5594444444444444
    },
    "20|baseline+rerank": {
      "precision@5": 0.26666666666666666,
      "recall@5": 0.14581945855684433,
      "ndcg@5": 0.3591541545822263,
      "precision@10": 0.21,
      "recall@10": 0.19586226023324171,
      "ndcg@10": 0.33837182777170177,
      "precision@20": 0.15999999999999998,
      "recall@20": 0.21829828324343314,
      "ndcg@20": 0.3198606272375209,
      "mrr": 0.5166666666666667
    },
    "20|fusion(N=4)+rerank": {
      "precision@5": 0.2933333333333334,
      "recall@5": 0.19769042629877984,
      "ndcg@5": 0.3930862910402029,
      "precision@10": 0.21333333333333332,
      "recall@10": 0.2149272736955387,
      "ndcg@10": 0.3535924591923413,
      "precision@20": 0.16999999999999996,
      "recall@20": 0.2400407355754294,
      "ndcg@20": 0.3417370392277318,
      "mrr": 0.5594444444444444
    },
    "30|baseline+rerank": {
      "precision@5": 0.26666666666666666,
      "recall@5": 0.14581945855684433,
      "ndcg@5": 0.36482919587879564,
      "precision@10": 0.2033333333333333,
      "recall@10": 0.19861977013412266,
      "ndcg@10": 0.33716928701641735,
      "precision@20": 0.1583333333333333,
      "recall@20": 0.2540591144970536,
      "ndcg@20": 0.33011440076255455,
      "mrr": 0.5238095238095238
    },
    "30|fusion(N=4)+rerank": {
      "precision@5": 0.28666666666666674,
      "recall@5": 0.1636085549537506,
      "ndcg@5": 0.3873464441655448,
      "precision@10": 0.21333333333333332,
      "recall@10": 0.2171574045427248,
      "ndcg@10": 0.35737025022463675,
      "precision@20": 0.1683333333333333,
      "recall@20": 0.24101310496079176,
      "ndcg@20": 0.3441420805713385,
      "mrr": 0.5625396825396826
    },
    "50|baseline+rerank": {
      "precision@5": 0.29333333333333333,
      "recall@5": 0.15065617400136963,
      "ndcg@5": 0.380563570116973,
      "precision@10": 0.2033333333333333,
      "recall@10": 0.2000383650525689,
      "ndcg@10": 0.33832695033218924,
      "precision@20": 0.1633333333333333,
      "recall@20": 0.25949375561892746,
      "ndcg@20": 0.3339326721335675,
      "mrr": 0.5290277777777778
    },
    "50|fusion(N=4)+rerank": {
      "precision@5": 0.3066666666666667,
      "recall@5": 0.19881285602901938,
      "ndcg@5": 0.42700655668821663,
      "precision@10": 0.21666666666666667,
      "recall@10": 0.25074101596282117,
      "ndcg@10": 0.3883218396242093,
      "precision@20": 0.1633333333333333,
      "recall@20": 0.27340229701101265,
      "ndcg@20": 0.37094517373853664,
      "mrr": 0.5914285714285713
    },
    "75|baseline+rerank": {
      "precision@5": 0.30000000000000004,
      "recall@5": 0.158989507334703,
      "ndcg@5": 0.3868415214712642,
      "precision@10": 0.21333333333333335,
      "recall@10": 0.20695429858140563,
      "ndcg@10": 0.3447579586612028,
      "precision@20": 0.16333333333333327,
      "recall@20": 0.2374390932052891,
      "ndcg@20": 0.3302745059730365,
      "mrr": 0.5462678062678062
    },
    "75|fusion(N=4)+rerank": {
      "precision@5": 0.31333333333333335,
      "recall@5": 0.20435987770507333,
      "ndcg@5": 0.43615972141799736,
      "precision@10": 0.21666666666666667,
      "recall@10": 0.2531012519864235,
      "ndcg@10": 0.393062100645465,
      "precision@20": 0.16999999999999998,
      "recall@20": 0.2834048211629988,
      "ndcg@20": 0.3805163311030551,
      "mrr": 0.5787545787545787
    }
  },
  "n_sweep": {
    "0|baseline+rerank": {
      "precision@5": 0.29333333333333333,
      "recall@5": 0.15065617400136963,
      "ndcg@5": 0.380563570116973,
      "precision@10": 0.2033333333333333,
      "recall@10": 0.2000383650525689,
      "ndcg@10": 0.33832695033218924,
      "precision@20": 0.1633333333333333,
      "recall@20": 0.25949375561892746,
      "ndcg@20": 0.3339326721335675,
      "mrr": 0.5290277777777778
    },
    "1|fusion(N=1)+rerank": {
      "precision@5": 0.29333333333333333,
      "recall@5": 0.16810795758218547,
      "ndcg@5": 0.39409961252293285,
      "precision@10": 0.20666666666666664,
      "recall@10": 0.21711395933798927,
      "ndcg@10": 0.3540628949892123,
      "precision@20": 0.16,
      "recall@20": 0.24249390944880153,
      "ndcg@20": 0.3396313757050804,
      "mrr": 0.5196969696969698
    },
    "2|fusion(N=2)+rerank": {
      "precision@5": 0.2933333333333334,
      "recall@5": 0.18160855495375058,
      "ndcg@5": 0.4054983822193236,
      "precision@10": 0.21666666666666667,
      "recall@10": 0.23589156753871615,
      "ndcg@10": 0.374104142905858,
      "precision@20": 0.16333333333333325,
      "recall@20": 0.288153184709449,
      "ndcg@20": 0.36204597877939354,
      "mrr": 0.5897619047619048
    },
    "3|fusion(N=3)+rerank": {
      "precision@5": 0.3066666666666667,
      "recall@5": 0.19881285602901938,
      "ndcg@5": 0.427171704158554,
      "precision@10": 0.22000000000000003,
      "recall@10": 0.2520743492961545,
      "ndcg@10": 0.3907578394455404,
      "precision@20": 0.16666666666666663,
      "recall@20": 0.3069006468459961,
      "ndcg@20": 0.3800108001349273,
      "mrr": 0.5934656084656085
    },
    "4|fusion(N=4)+rerank": {
      "precision@5": 0.3066666666666667,
      "recall@5": 0.19881285602901938,
      "ndcg@5": 0.42700655668821663,
      "precision@10": 0.21666666666666667,
      "recall@10": 0.25074101596282117,
      "ndcg@10": 0.3883218396242093,
      "precision@20": 0.1633333333333333,
      "recall@20": 0.27340229701101265,
      "ndcg@20": 0.37094517373853664,
      "mrr": 0.5914285714285713
    }
  },
  "config": {
    "sample": 30,
    "data_dir": "./datasets",
    "pool_values": [
      10,
      20,
      30,
      50,
      75
    ],
    "n_values": [
      1,
      2,
      3,
      4
    ],
    "n_fixed_for_pool": 4,
    "pool_fixed_for_n": 50,
    "k": [
      5,
      10,
      20
    ],
    "out": "/tmp/rag_sweep.json"
  }
}