{
  "pool_sweep": {
    "10|baseline+rerank": {
      "precision@5": 0.2800000000000001,
      "recall@5": 0.1058834816391569,
      "ndcg@5": 0.3339817987835363,
      "precision@10": 0.21650000000000005,
      "recall@10": 0.14378280640597937,
      "ndcg@10": 0.3043131913753059,
      "precision@20": 0.16800000000000012,
      "recall@20": 0.18780538376728623,
      "ndcg@20": 0.2924405323779351,
      "mrr": 0.5274114422084621
    },
    "10|fusion(N=4)+rerank": {
      "precision@5": 0.29699999999999993,
      "recall@5": 0.11941560298913048,
      "ndcg@5": 0.3547785508233136,
      "precision@10": 0.2315000000000001,
      "recall@10": 0.15549084311954023,
      "ndcg@10": 0.3232984951303296,
      "precision@20": 0.1817500000000001,
      "recall@20": 0.19976485098905072,
      "ndcg@20": 0.31183860382782813,
      "mrr": 0.5455864457180247
    },
    "20|baseline+rerank": {
      "precision@5": 0.2800000000000001,
      "recall@5": 0.1058834816391569,
      "ndcg@5": 0.3339817987835363,
      "precision@10": 0.21650000000000005,
      "recall@10": 0.14378280640597937,
      "ndcg@10": 0.3043131913753059,
      "precision@20": 0.16800000000000012,
      "recall@20": 0.18780538376728623,
      "ndcg@20": 0.2924405323779351,
      "mrr": 0.5274114422084621
    },
    "20|fusion(N=4)+rerank": {
      "precision@5": 0.29699999999999993,
      "recall@5": 0.11941560298913048,
      "ndcg@5": 0.3547785508233136,
      "precision@10": 0.2315000000000001,
      "recall@10": 0.15549084311954023,
      "ndcg@10": 0.3232984951303296,
      "precision@20": 0.1817500000000001,
      "recall@20": 0.19976485098905072,
      "ndcg@20": 0.31183860382782813,
      "mrr": 0.5455864457180247
    },
    "30|baseline+rerank": {
      "precision@5": 0.2840000000000001,
      "recall@5": 0.10933730737628243,
      "ndcg@5": 0.3398615503143867,
      "precision@10": 0.2180000000000001,
      "recall@10": 0.14414588162662686,
      "ndcg@10": 0.30673397016837667,
      "precision@20": 0.16625000000000006,
      "recall@20": 0.1841702937181216,
      "ndcg@20": 0.2920556710389512,
      "mrr": 0.5295160092100881
    },
    "30|fusion(N=4)+rerank": {
      "precision@5": 0.292,
      "recall@5": 0.11896533544297655,
      "ndcg@5": 0.34983740908581523,
      "precision@10": 0.2255000000000001,
      "recall@10": 0.15330149079142993,
      "ndcg@10": 0.31759067488085024,
      "precision@20": 0.17600000000000013,
      "recall@20": 0.19185988321519676,
      "ndcg@20": 0.3037858895726108,
      "mrr": 0.5414770987741189
    },
    "50|baseline+rerank": {
      "precision@5": 0.2880000000000001,
      "recall@5": 0.10983466923292523,
      "ndcg@5": 0.33921295671675095,
      "precision@10": 0.21950000000000017,
      "recall@10": 0.1399895071585316,
      "ndcg@10": 0.30424934211542143,
      "precision@20": 0.16350000000000006,
      "recall@20": 0.18062369850416915,
      "ndcg@20": 0.2881910943226645,
      "mrr": 0.5263290569724394
    },
    "50|fusion(N=4)+rerank": {
      "precision@5": 0.29100000000000004,
      "recall@5": 0.11458874908169095,
      "ndcg@5": 0.3487331877335808,
      "precision@10": 0.22250000000000014,
      "recall@10": 0.14600752221985813,
      "ndcg@10": 0.31366446275223664,
      "precision@20": 0.1685000000000001,
      "recall@20": 0.1843534704337849,
      "ndcg@20": 0.2980523960143294,
      "mrr": 0.5401805555555554
    },
    "75|baseline+rerank": {
      "precision@5": 0.2870000000000001,
      "recall@5": 0.11206174532209719,
      "ndcg@5": 0.3397416315022609,
      "precision@10": 0.21750000000000022,
      "recall@10": 0.13867740426418,
      "ndcg@10": 0.3041041476359023,
      "precision@20": 0.16125000000000006,
      "recall@20": 0.1689833413084607,
      "ndcg@20": 0.2844577257706098,
      "mrr": 0.5261938339438339
    },
    "75|fusion(N=4)+rerank": {
      "precision@5": 0.2950000000000001,
      "recall@5": 0.11736511525850629,
      "ndcg@5": 0.35104516748003006,
      "precision@10": 0.21650000000000016,
      "recall@10": 0.1420605973693082,
      "ndcg@10": 0.31054371924535656,
      "precision@20": 0.1632500000000001,
      "recall@20": 0.1775241146935933,
      "ndcg@20": 0.2935701423634835,
      "mrr": 0.5353589736287104
    }
  },
  "n_sweep": {
    "0|baseline+rerank": {
      "precision@5": 0.2880000000000001,
      "recall@5": 0.10983466923292523,
      "ndcg@5": 0.33921295671675095,
      "precision@10": 0.21950000000000017,
      "recall@10": 0.1399895071585316,
      "ndcg@10": 0.30424934211542143,
      "precision@20": 0.16350000000000006,
      "recall@20": 0.18062369850416915,
      "ndcg@20": 0.2881910943226645,
      "mrr": 0.5263290569724394
    },
    "1|fusion(N=1)+rerank": {
      "precision@5": 0.28500000000000003,
      "recall@5": 0.11664399308480226,
      "ndcg@5": 0.34269568064439526,
      "precision@10": 0.21700000000000016,
      "recall@10": 0.14596199433801116,
      "ndcg@10": 0.3095142789232307,
      "precision@20": 0.16525000000000017,
      "recall@20": 0.18270132033720674,
      "ndcg@20": 0.2944111369832234,
      "mrr": 0.5261487257582459
    },
    "2|fusion(N=2)+rerank": {
      "precision@5": 0.28800000000000003,
      "recall@5": 0.1210308853861036,
      "ndcg@5": 0.34780564335543973,
      "precision@10": 0.21900000000000017,
      "recall@10": 0.14449687935862854,
      "ndcg@10": 0.31147119037205523,
      "precision@20": 0.16450000000000015,
      "recall@20": 0.17985455848081258,
      "ndcg@20": 0.2946229077885714,
      "mrr": 0.53611570118478
    },
    "3|fusion(N=3)+rerank": {
      "precision@5": 0.29100000000000004,
      "recall@5": 0.1196963381956443,
      "ndcg@5": 0.35139900283621095,
      "precision@10": 0.22350000000000025,
      "recall@10": 0.1451208424332095,
      "ndcg@10": 0.314162288138302,
      "precision@20": 0.16950000000000007,
      "recall@20": 0.18417647991159133,
      "ndcg@20": 0.29872504853509596,
      "mrr": 0.5419804197994987
    },
    "4|fusion(N=4)+rerank": {
      "precision@5": 0.29100000000000004,
      "recall@5": 0.11458874908169095,
      "ndcg@5": 0.3487331877335808,
      "precision@10": 0.22250000000000014,
      "recall@10": 0.14600752221985813,
      "ndcg@10": 0.31366446275223664,
      "precision@20": 0.1685000000000001,
      "recall@20": 0.1843534704337849,
      "ndcg@20": 0.2980523960143294,
      "mrr": 0.5401805555555554
    }
  },
  "config": {
    "sample": 200,
    "data_dir": "./datasets",
    "pool_values": [
      10,
      20,
      30,
      50,
      75
    ],
    "n_values": [
      1,
      2,
      3,
      4
    ],
    "n_fixed_for_pool": 4,
    "pool_fixed_for_n": 50,
    "k": [
      5,
      10,
      20
    ],
    "out": "experiments/arxiv-2603-02153-replication/results/sweep_n200.json"
  }
}